Weight,Zones,Zones,Zones,Zones,Zones,Zones,Zones,Zones,Zones,Zones,Zones
(kg),1,2,3,4,5,6,7,8,9,10,US5
0.5,"760,396","830,467","918,185","959,968","609,355","589,372","656,328","1,259,196","1,398,039","749,237","617,141"
1.0,"843,962","916,888","1,060,922","1,093,103","738,856","722,506","808,926","1,536,624","1,715,434","833,062","748,199"
1.5,"927,528","1,000,713","1,203,659","1,225,977","867,578","859,533","959,708","1,816,388","2,034,385","936,092","878,738"
2.0,"1,008,758","1,089,988","1,346,655","1,359,111","994,225","992,408","1,113,864","2,100,822","2,357,489","1,023,811","1,006,682"
2.5,"1,099,590","1,173,553","1,491,987","1,492,505","1,124,245","1,123,466","1,266,462","2,381,105","2,675,403","1,115,941","1,138,518"
3.0,"1,165,249","1,249,075","1,637,318","1,630,830","1,248,036","1,237,655","1,417,504","2,658,533","2,953,609","1,202,101","1,263,867"
3.5,"1,247,518","1,324,595","1,777,459","1,769,414","1,370,789","1,341,464","1,571,660","2,938,557","3,233,892","1,288,781","1,388,178"
4.0,"1,316,290","1,401,413","1,917,341","1,905,144","1,494,322","1,455,394","1,724,258","3,221,435","3,513,915","1,376,759","1,513,008"
4.5,"1,388,956","1,474,338","2,062,933","2,057,483","1,618,114","1,569,583","1,876,856","3,498,862","3,795,496","1,465,775","1,638,356"
5.0,"1,461,881","1,552,455","2,205,669","2,190,617","1,741,386","1,684,550","2,031,012","3,778,886","4,070,069","1,549,860","1,763,445"
5.5,"1,522,091","1,603,061","2,337,506","2,323,491","1,847,530","1,795,367","2,163,627","4,016,088","4,332,185","1,622,265","1,870,887"
6.0,"1,581,261","1,662,232","2,471,938","2,466,228","1,952,636","1,902,808","2,296,761","4,261,336","4,594,301","1,691,039","1,977,290"
6.5,"1,636,020","1,722,701","2,602,477","2,610,262","2,058,780","2,012,066","2,426,781","4,498,538","4,856,158","1,763,705","2,084,732"
7.0,"1,691,039","1,777,459","2,736,650","2,754,297","2,163,627","2,122,363","2,558,617","4,741,191","5,112,824","1,829,364","2,190,876"
7.5,"1,748,652","1,830,920","2,871,081","2,897,293","2,270,030","2,230,324","2,688,638","4,981,247","5,374,941","1,902,289","2,298,578"
8.0,"1,795,367","1,892,687","3,007,329","3,028,611","2,366,572","2,323,752","2,809,834","5,223,899","5,637,316","1,972,360","2,396,417"
8.5,"1,839,226","1,947,706","3,136,312","3,161,745","2,461,557","2,402,646","2,930,771","5,463,956","5,896,318","2,041,133","2,492,699"
9.0,"1,884,642","2,005,059","3,269,446","3,298,513","2,525,139","2,509,569","3,053,265","5,703,754","6,156,099","2,108,349","2,557,061"
9.5,"1,925,646","2,060,337","3,403,878","3,434,761","2,591,836","2,592,096","3,172,645","5,943,551","6,422,108","2,179,458","2,624,536"
10.0,"1,962,497","2,117,951","3,538,569","3,563,483","2,656,716","2,674,104","3,294,619","6,186,203","6,681,370","2,246,933","2,690,195"
10.5,"1,995,457","2,178,159","3,605,267","3,661,842","2,698,240","2,749,625","3,418,411","6,428,856","6,917,274","2,333,354","2,732,238"
11.0,"2,029,973","2,236,034","3,678,451","3,757,605","2,743,657","2,810,354","3,528,707","6,664,760","7,162,522","2,375,915","2,778,173"
11.5,"2,058,780","2,293,387","3,738,660","3,852,849","2,788,554","2,874,714","3,637,707","6,907,413","7,398,426","2,416,919","2,823,848"
12.0,"2,094,594","2,348,406","3,808,731","3,954,062","2,831,375","2,936,740","3,749,041","7,149,805","7,638,483","2,463,633","2,866,929"
12.5,"2,123,142","2,406,279","3,875,946","4,047,231","2,875,493","2,997,727","3,830,531","7,387,007","7,879,578","2,503,600","2,911,826"
13.0,"2,151,949","2,461,038","3,935,118","4,137,025","2,896,514","3,050,929","3,914,616","7,584,243","8,079,410","2,547,459","2,933,107"
13.5,"2,178,159","2,521,506","3,995,327","4,217,217","2,918,314","3,101,017","3,995,327","7,783,815","8,277,684","2,589,760","2,954,907"
14.0,"2,206,707","2,573,410","4,050,345","4,304,675","2,940,632","3,154,738","4,076,297","7,976,640","8,480,110","2,636,734","2,977,745"
14.5,"2,233,178","2,621,422","4,109,257","4,373,968","2,961,394","3,205,344","4,159,344","8,176,211","8,678,644","2,680,593","2,998,766"
15.0,"2,259,390","2,670,991","4,171,281","4,440,665","2,983,454","3,257,249","4,241,872","8,370,592","8,871,208","2,720,299","3,021,084"
15.5,"2,285,342","2,710,697","4,210,729","4,475,181","3,004,216","3,289,948","4,292,738","8,554,852","9,076,489","2,767,273","3,042,105"
16.0,"2,314,149","2,757,411","4,254,848","4,509,697","3,026,794","3,319,274","4,343,604","8,742,226","9,274,764","2,806,720","3,064,943"
16.5,"2,337,506","2,801,530","4,304,416","4,544,214","3,048,334","3,350,676","4,394,729","8,930,898","9,474,335","2,853,434","3,086,743"
17.0,"2,366,053","2,846,686","4,345,420","4,581,584","3,070,912","3,382,078","4,446,893","9,115,159","9,670,015","2,894,438","3,109,581"
17.5,"2,392,265","2,893,400","4,392,134","4,616,620","3,092,453","3,412,182","4,499,057","9,299,678","9,870,884","2,939,854","3,131,381"
18.0,"2,412,767","2,925,062","4,426,391","4,653,991","3,115,291","3,433,982","4,529,421","9,470,183","10,001,423","2,952,312","3,154,478"
18.5,"2,430,934","2,964,768","4,467,395","4,685,393","3,137,350","3,453,187","4,557,708","9,638,093","10,131,702","3,000,322","3,177,056"
19.0,"2,444,428","3,000,322","4,499,057","4,725,878","3,159,409","3,475,506","4,590,408","9,808,339","10,266,135","3,044,441","3,199,116"
19.5,"2,465,190","3,031,985","4,534,871","4,760,394","3,178,614","3,496,008","4,621,551","9,973,395","10,393,818","3,093,750","3,218,579"
20.0,"2,483,097","3,068,837","4,573,539","4,797,766","3,202,490","3,516,770","4,651,915","10,144,419","10,522,541","3,136,312","3,242,975"
21-44,"112,891","141,439","204,502","210,731","153,636","150,003","155,194","485,304","499,318","130,279","150,003"
45-70,"107,182","138,584","192,046","199,571","153,636","150,003","155,194","482,709","489,716","125,088","150,003"
71-99,"98,877","130,279","180,886","178,809","153,636","150,003","155,194","464,542","472,847","104,326","150,003"
100-299,"98,877","126,387","178,550","175,955","153,636","150,003","155,194","459,092","467,397","104,326","150,003"
300-499,"96,022","123,531","171,543","173,359","153,636","150,003","155,194","450,788","454,680","101,472","150,003"
500-999,"96,022","123,531","171,543","173,359","153,636","150,003","155,194","450,788","454,680","101,472","150,003"
>1000,"96,022","123,531","171,543","173,359","153,636","150,003","155,194","450,788","454,680","101,472","150,003"
